<?xml version="1.0" encoding="UTF-8"?>
<MF0 version="1.1">
    <ModelRefInfoRepo.ModelRefInfoRoot type="ModelRefInfoRepo.ModelRefInfoRoot" uuid="df171947-9c7e-42d6-8972-99d32ec14054">
        <dataDictionary/>
        <dataTransferInfos>AAFJTQAAAAAOAAAAOAAAAAYAAAAIAAAAAgAAAAAAAAAFAAAACAAAAAAAAAABAAAAAQAAAAAAAAAFAAQAAQAAAAEAAAAAAAAA</dataTransferInfos>
        <hasInlineVariantBlock>false</hasInlineVariantBlock>
        <hasMachineDataAccess>false</hasMachineDataAccess>
        <hasSigObjWithICDrivingRootOutport>false</hasSigObjWithICDrivingRootOutport>
        <needElapsedTime>false</needElapsedTime>
        <userSpecifiedFixedStepSize>0</userSpecifiedFixedStepSize>
        <zeroInternalMemoryAtStartupUnchecked>false</zeroInternalMemoryAtStartupUnchecked>
        <FMUBlockMap type="ModelRefInfoRepo.FMUBlockInfo" uuid="84752664-e6c4-415d-927b-22464f1f6b69"/>
        <periodicEventPortUnsupportedBlockInfo type="ModelRefInfoRepo.PeriodicEventPortUnsupportedBlockInfo" uuid="33a7d6ce-6252-402d-84cf-1f6906a646c2">
            <deterministicRTBs>ARDroneHover_V2/ARDrone Wi-Fi  Block/Subsystem1/send byte to  state udp port  /Rate Transition</deterministicRTBs>
            <hasHiddenDeterministicRTB>false</hasHiddenDeterministicRTB>
        </periodicEventPortUnsupportedBlockInfo>
        <simulinkFunctions type="ModelRefInfoRepo.SimulinkFunctions" uuid="da038b1a-7863-42bb-be2f-d745dadb95a1">
            <compSimulinkFunctionCatalog>AAFJTQAAAAAOAAAAgAAAAAYAAAAIAAAAAgAAAAAAAAAFAAAACAAAAAEAAAABAAAAAQAAAAAAAAAFAAQADgAAAAEAAAAOAAAAQ29tcEZ1bmN0aW9ucwAAAA4AAAAwAAAABgAAAAgAAAAGAAAAAAAAAAUAAAAIAAAAAAAAAAAAAAABAAAAAAAAAAkAAAAAAAAA</compSimulinkFunctionCatalog>
            <postPropHasAnyExportedFunction>false</postPropHasAnyExportedFunction>
            <postPropHasAnyVariantExportedFunction>false</postPropHasAnyVariantExportedFunction>
        </simulinkFunctions>
    </ModelRefInfoRepo.ModelRefInfoRoot>
</MF0>
